{"cameraMode":{"drawMode":0,"name":"Shaded","section":"Shading Mode"},"sceneLighting":true,"audioPlay":false,"sceneViewState":{"showFog":true,"showMaterialUpdate":false,"showSkybox":false,"showFlares":true,"showImageEffects":true,"showParticleSystems":true,"showVisualEffectGraphs":true,"m_FxEnabled":true},"in2DMode":false,"pivot":{"x":-0.22034549713134767,"y":0.05560845136642456,"z":-0.1617448925971985},"rotation":{"x":0.26660677790641787,"y":-0.41394850611686709,"z":0.12817910313606263,"w":0.8609063625335693},"size":0.7141428589820862,"orthographic":false}