{"cameraMode":{"drawMode":0,"name":"Shaded","section":"Shading Mode"},"sceneLighting":true,"audioPlay":false,"sceneViewState":{"showFog":true,"showMaterialUpdate":false,"showSkybox":false,"showFlares":true,"showImageEffects":true,"showParticleSystems":true,"showVisualEffectGraphs":true,"m_FxEnabled":true},"in2DMode":false,"pivot":{"x":0.09373009204864502,"y":0.2211742103099823,"z":0.5460089445114136},"rotation":{"x":0.1031770333647728,"y":-0.5823983550071716,"z":0.07484518736600876,"w":0.8028802275657654},"size":0.7282248139381409,"orthographic":false}