{"cameraMode":{"drawMode":0,"name":"Shaded","section":"Shading Mode"},"sceneLighting":false,"audioPlay":false,"sceneViewState":{"showFog":true,"showMaterialUpdate":false,"showSkybox":false,"showFlares":true,"showImageEffects":true,"showParticleSystems":true,"showVisualEffectGraphs":true,"m_FxEnabled":true},"in2DMode":false,"pivot":{"x":0.04972720146179199,"y":0.4590414762496948,"z":0.12576931715011598},"rotation":{"x":0.13346067070960999,"y":-0.5567352771759033,"z":0.09112381935119629,"w":0.8148595690727234},"size":1.516047477722168,"orthographic":false}