{"cameraMode":{"drawMode":0,"name":"Shaded","section":"Shading Mode"},"sceneLighting":false,"audioPlay":false,"sceneViewState":{"showFog":true,"showMaterialUpdate":false,"showSkybox":false,"showFlares":true,"showImageEffects":true,"showParticleSystems":true,"showVisualEffectGraphs":true,"m_FxEnabled":true},"in2DMode":false,"pivot":{"x":0.06284070014953613,"y":-1.9829535347071215e-7,"z":1.6634222269058228},"rotation":{"x":0.40691128373146059,"y":-0.3325444459915161,"z":0.16195616126060487,"w":0.8352692723274231},"size":2.6714742183685304,"orthographic":false}